occurance,genes,ratio
58,ENSMUSG00000033429,0.483333
52,ENSMUSG00000039105,0.433333
48,ENSMUSG00000031028,0.4
45,ENSMUSG00000032712,0.375
28,ENSMUSG00000030255,0.233333
24,ENSMUSG00000031583,0.2
19,ENSMUSG00000050332,0.158333
18,ENSMUSG00000039483,0.15
17,ENSMUSG00000015970,0.141667
16,ENSMUSG00000040606,0.133333
