Sample	prediction	true_label	correct_or_wrong
OM1	0.217287	0	TRUE
OM2	2.73077	0	TRUE
OM3	8.33082	0	FALSE
OM4	8.74631	0	FALSE
OM5	1.23657	0	TRUE
OM6	3.14273e-42	0	TRUE
YM1	9.12172	1	TRUE
YM2	9.41033	1	TRUE
YM4	10	1	TRUE
YM5	9.97231	1	TRUE
YM6	9.90496	1	TRUE
YM7	6.4007	1	TRUE
