Sample	prediction	true_label	correct_or_wrong
OM1	1.0825e-05	0	TRUE
OM2	1.58069	0	TRUE
OM3	9.44339	0	FALSE
OM4	8.74631	0	FALSE
OM5	2.55138	0	TRUE
OM6	1.0645e-103	0	TRUE
YM1	9.88333	1	TRUE
YM2	9.75403	1	TRUE
YM4	9.99995	1	TRUE
YM5	9.99993	1	TRUE
YM6	9.75406	1	TRUE
YM7	6.81936	1	TRUE
