Sample	prediction	true_label	correct_or_wrong
OM1	2.09008e-07	0	TRUE
OM2	0.556816	0	TRUE
OM3	9.63274	0	FALSE
OM4	8.74631	0	FALSE
OM5	0.555044	0	TRUE
OM6	1.0645e-103	0	TRUE
YM1	9.98324	1	TRUE
YM2	9.98366	1	TRUE
YM4	10	1	TRUE
YM5	9.99993	1	TRUE
YM6	9.84083	1	TRUE
YM7	7.52909	1	TRUE
