Sample	prediction	true_label	correct_or_wrong
OM1	8.33033e-08	0	TRUE
OM2	0.0744701	0	TRUE
OM3	9.63274	0	FALSE
OM4	8.74631	0	FALSE
OM5	1.78311	0	TRUE
OM6	5.34299e-85	0	TRUE
YM1	9.78565	1	TRUE
YM2	8.73052	1	TRUE
YM4	10	1	TRUE
YM5	9.32961	1	TRUE
YM6	7.77397	1	TRUE
YM7	5.75861	1	TRUE
