Sample	prediction	true_label	correct_or_wrong
OM1	8.33033e-08	0	TRUE
OM2	2.22471	0	TRUE
OM3	9.21776	0	FALSE
OM4	8.74631	0	FALSE
OM5	2.04665	0	TRUE
OM6	1.0645e-103	0	TRUE
YM1	9.98236	1	TRUE
YM2	9.76886	1	TRUE
YM4	9.99993	1	TRUE
YM5	9.99993	1	TRUE
YM6	9.95697	1	TRUE
YM7	7.52909	1	TRUE
