Sample	prediction	true_label	correct_or_wrong
OM1	0.0449666	0	TRUE
OM2	1.27228	0	TRUE
OM3	9.5503	0	FALSE
OM4	8.71893	0	FALSE
OM5	1.54071	0	TRUE
OM6	1.66638e-73	0	TRUE
YM1	9.77282	1	TRUE
YM2	8.62807	1	TRUE
YM4	9.99984	1	TRUE
YM5	9.57318	1	TRUE
YM6	9.948	1	TRUE
YM7	6.1652	1	TRUE
