Sample	prediction	true_label	correct_or_wrong
OM1	8.33033e-08	0	TRUE
OM2	1.79286	0	TRUE
OM3	9.49934	0	FALSE
OM4	8.74631	0	FALSE
OM5	1.36124	0	TRUE
OM6	1.05696e-95	0	TRUE
YM1	9.97936	1	TRUE
YM2	7.81349	1	TRUE
YM4	10	1	TRUE
YM5	9.99993	1	TRUE
YM6	9.99982	1	TRUE
YM7	9.37348	1	TRUE
