Sample	prediction	true_label	correct_or_wrong
OM1	0.13997	0	TRUE
OM2	2.85692	0	TRUE
OM3	7.91144	0	FALSE
OM4	7.41043	0	FALSE
OM5	1.09842	0	TRUE
OM6	3.98685e-60	0	TRUE
YM1	8.866	1	TRUE
YM2	6.1752	1	TRUE
YM4	9.99821	1	TRUE
YM5	9.99972	1	TRUE
YM6	9.99982	1	TRUE
YM7	6.61825	1	TRUE
