Sample	prediction	true_label	correct_or_wrong
OM1	8.33033e-08	0	TRUE
OM2	1.39448	0	TRUE
OM3	9.49934	0	FALSE
OM4	8.74631	0	FALSE
OM5	1.65742	0	TRUE
OM6	1.0645e-103	0	TRUE
YM1	9.87521	1	TRUE
YM2	8.91245	1	TRUE
YM4	10	1	TRUE
YM5	9.99993	1	TRUE
YM6	9.89473	1	TRUE
YM7	7.48418	1	TRUE
