Sample	prediction	true_label	correct_or_wrong
OM1	1.20548e-07	0	TRUE
OM2	2.29434	0	TRUE
OM3	8.07802	0	FALSE
OM4	8.74631	0	FALSE
OM5	2.6318	0	TRUE
OM6	3.85e-52	0	TRUE
YM1	9.98324	1	TRUE
YM2	4.54545	1	FALSE
YM4	10	1	TRUE
YM5	9.99993	1	TRUE
YM6	9.99696	1	TRUE
YM7	9.37348	1	TRUE
